64b92bd6-7586-45eb-b65c-de9b79288532,226
b579a575-4d58-4941-bb2e-5b5162452d98,0
b579a575-4d58-4941-bb2e-5b5162452d98,43
b579a575-4d58-4941-bb2e-5b5162452d98,87
b579a575-4d58-4941-bb2e-5b5162452d98,163
63b3e59b-f309-415f-9b74-a35de2728c78,146
63b3e59b-f309-415f-9b74-a35de2728c78,255
63b3e59b-f309-415f-9b74-a35de2728c78,247
97ebfdba-cddc-43ba-b0ed-960c7c8c2c20,248
97ebfdba-cddc-43ba-b0ed-960c7c8c2c20,163
97ebfdba-cddc-43ba-b0ed-960c7c8c2c20,43
97ebfdba-cddc-43ba-b0ed-960c7c8c2c20,244
2ae8a3f3-5938-4a75-ab37-8fe7bd617e22,43
2ae8a3f3-5938-4a75-ab37-8fe7bd617e22,163