4b044996-448e-49ca-9f79-d649269aa78e,187
4b044996-448e-49ca-9f79-d649269aa78e,1102
a8cb612b-09e1-405b-b8d1-7d01c6b7b6eb,1111
a8cb612b-09e1-405b-b8d1-7d01c6b7b6eb,228
a8cb612b-09e1-405b-b8d1-7d01c6b7b6eb,1102
a8cb612b-09e1-405b-b8d1-7d01c6b7b6eb,187
a8cb612b-09e1-405b-b8d1-7d01c6b7b6eb,1233
3c812b01-6f18-49d9-88c6-bbb2fe1d1f32,187
3c812b01-6f18-49d9-88c6-bbb2fe1d1f32,228
3c812b01-6f18-49d9-88c6-bbb2fe1d1f32,656
3c812b01-6f18-49d9-88c6-bbb2fe1d1f32,219
1c93a279-91db-45cc-99a7-1032a75970e3,187
1c93a279-91db-45cc-99a7-1032a75970e3,1102
